{
  "small": {
    "pagerank": {
      "runtime_seconds": 0.07016689993906766,
      "iterations": 12,
      "converged": true,
      "final_error": 0.004555179223756016
    },
    "comparison": {
      "degree_centrality": {
        "runtime_seconds": 0.0014440000522881746,
        "spearman_vs_pagerank": 0.727697724548062,
        "topk_overlap_vs_pagerank": 0.2
      },
      "hits_authority": {
        "runtime_seconds": 0.25876490003429353,
        "spearman_vs_pagerank": 0.05759172979592295,
        "topk_overlap_vs_pagerank": 0.2
      }
    }
  },
  "large": {
    "pagerank": {
      "runtime_seconds": 2.3695554999867454,
      "iterations": 2,
      "converged": true,
      "final_error": 0.26064995992848305
    },
    "comparison": {
      "degree_centrality": {
        "runtime_seconds": 0.08099839999340475,
        "spearman_vs_pagerank": 0.8595742312971208,
        "topk_overlap_vs_pagerank": 0.5
      },
      "hits_authority": {
        "runtime_seconds": 1.6521772000705823,
        "spearman_vs_pagerank": 0.16504408885954522,
        "topk_overlap_vs_pagerank": 0.0
      }
    }
  },
  "reddit_title": {
    "pagerank": {
      "runtime_seconds": 0.505659700022079,
      "iterations": 4,
      "converged": true,
      "final_error": 0.03719219659321071
    },
    "comparison": {
      "degree_centrality": {
        "runtime_seconds": 0.01776139996945858,
        "spearman_vs_pagerank": 0.6000456984778058,
        "topk_overlap_vs_pagerank": 0.75
      },
      "hits_authority": {
        "runtime_seconds": 0.30751659988891333,
        "spearman_vs_pagerank": 0.8436604249384225,
        "topk_overlap_vs_pagerank": 0.7
      }
    },
    "cross_dataset_comparison": {
      "spearman_vs_reddit_body_top20": 0.8671328671328671,
      "topk_overlap_vs_reddit_body": 0.6
    }
  },
  "reddit_body": {
    "pagerank": {
      "runtime_seconds": 0.3162435000995174,
      "iterations": 5,
      "converged": true,
      "final_error": 0.025421295618570827
    },
    "comparison": {
      "degree_centrality": {
        "runtime_seconds": 0.010753899929113686,
        "spearman_vs_pagerank": 0.6668478370784974,
        "topk_overlap_vs_pagerank": 0.6
      },
      "hits_authority": {
        "runtime_seconds": 0.1408392998855561,
        "spearman_vs_pagerank": 0.8099021579640275,
        "topk_overlap_vs_pagerank": 0.5
      }
    },
    "cross_dataset_comparison": {
      "spearman_vs_reddit_title_top20": 0.8671328671328671,
      "topk_overlap_vs_reddit_title": 0.6
    }
  }
}