{
  "small": {
    "pagerank": {
      "runtime_seconds": 0.09329459999571554,
      "iterations": 12,
      "converged": true,
      "final_error": 0.004555179223756016
    },
    "comparison": {
      "degree_centrality": {
        "runtime_seconds": 0.001939000008860603,
        "spearman_vs_pagerank": 0.727697724548062,
        "topk_overlap_vs_pagerank": 0.2
      },
      "hits_authority": {
        "runtime_seconds": 3.1933414000086486,
        "spearman_vs_pagerank": 0.0591959153238346,
        "topk_overlap_vs_pagerank": 0.2
      }
    }
  },
  "large": {
    "pagerank": {
      "runtime_seconds": 3.904970899980981,
      "iterations": 2,
      "converged": true,
      "final_error": 0.26064995992848305
    },
    "comparison": {
      "degree_centrality": {
        "runtime_seconds": 0.13872480002464727,
        "spearman_vs_pagerank": 0.8595742312971208,
        "topk_overlap_vs_pagerank": 0.5
      },
      "hits_authority": {
        "runtime_seconds": 2.9670630999899004,
        "spearman_vs_pagerank": 0.1650440348055318,
        "topk_overlap_vs_pagerank": 0.0
      }
    }
  },
  "reddit_title": {
    "pagerank": {
      "runtime_seconds": 0.908455299999332,
      "iterations": 4,
      "converged": true,
      "final_error": 0.03719219659321071
    },
    "comparison": {
      "degree_centrality": {
        "runtime_seconds": 0.03033740000682883,
        "spearman_vs_pagerank": 0.6000456984778058,
        "topk_overlap_vs_pagerank": 0.75
      },
      "hits_authority": {
        "runtime_seconds": 0.5095812999934424,
        "spearman_vs_pagerank": 0.8442184046309742,
        "topk_overlap_vs_pagerank": 0.7
      }
    },
    "pagerank_positive": {
      "runtime_seconds": 0.9843472999928053,
      "iterations": 4,
      "converged": true,
      "final_error": 0.03774182117376705
    },
    "pagerank_negative": {
      "runtime_seconds": 0.16279709999798797,
      "iterations": 6,
      "converged": true,
      "final_error": 0.005647742218493099
    },
    "cross_dataset_comparison": {
      "spearman_vs_reddit_body_top20": 0.8671328671328671,
      "topk_overlap_vs_reddit_body": 0.6
    }
  },
  "reddit_body": {
    "pagerank": {
      "runtime_seconds": 0.6053177999856416,
      "iterations": 5,
      "converged": true,
      "final_error": 0.025421295618570827
    },
    "comparison": {
      "degree_centrality": {
        "runtime_seconds": 0.024783499975455925,
        "spearman_vs_pagerank": 0.6668478370784974,
        "topk_overlap_vs_pagerank": 0.6
      },
      "hits_authority": {
        "runtime_seconds": 0.2702234000025783,
        "spearman_vs_pagerank": 0.8106676876284472,
        "topk_overlap_vs_pagerank": 0.5
      }
    },
    "pagerank_positive": {
      "runtime_seconds": 0.8649949000100605,
      "iterations": 5,
      "converged": true,
      "final_error": 0.025784605102573653
    },
    "pagerank_negative": {
      "runtime_seconds": 0.07073839998338372,
      "iterations": 6,
      "converged": true,
      "final_error": 0.0062944898695356495
    },
    "cross_dataset_comparison": {
      "spearman_vs_reddit_title_top20": 0.8671328671328671,
      "topk_overlap_vs_reddit_title": 0.6
    }
  }
}