node,pagerank
askreddit,0.016643244112
iama,0.013420021101
videos,0.008162714902
pics,0.006779248528
leagueoflegends,0.005294980778
todayilearned,0.004728047199
mhoc,0.004365626844
worldnews,0.004024111535
writingprompts,0.004000270131
funny,0.003962507681
books,0.003702183870
gaming,0.003625935801
videos_discussion,0.003385915821
news,0.003250867682
pcmasterrace,0.002935447768
movies,0.002802515678
anime,0.002648663315
science,0.002612298585
bitcoin,0.002539379412
changelog,0.002495473913
