node,pagerank
askreddit,0.029067400798
funny,0.012167175640
pics,0.011918497281
worldnews,0.010786435303
videos,0.009353639469
wtf,0.008779615899
iama,0.008603918359
the_donald,0.008525982848
news,0.008153040842
todayilearned,0.007779184389
gaming,0.007041456657
adviceanimals,0.006980492236
politics,0.006931942438
subredditdrama,0.004411425715
conspiracy,0.004049860730
movies,0.003669574156
tifu,0.003649337835
mildlyinteresting,0.003576521404
gifs,0.003508722786
pcmasterrace,0.003249798653
