node,pagerank
askreddit,0.016061578041
iama,0.013552764722
videos,0.007858475329
pics,0.006759851625
leagueoflegends,0.005325353386
todayilearned,0.004525468882
mhoc,0.004457291419
writingprompts,0.003964994587
books,0.003822208632
funny,0.003626835612
worldnews,0.003611141592
gaming,0.003586509764
videos_discussion,0.003261717207
news,0.003004339968
pcmasterrace,0.002948886068
movies,0.002759983714
anime,0.002638324512
science,0.002580125755
bitcoin,0.002536081905
changelog,0.002532801854
