node,pagerank
iama,0.019779717916
askreddit,0.017737228975
pics,0.009947357220
funny,0.009412609836
videos,0.007644823312
the_donald,0.006313266610
gaming,0.005927649985
music,0.005370939506
todayilearned,0.005276082382
worldnews,0.005017636886
gifs,0.004190247805
canada,0.004085024576
science,0.004078974410
news,0.003602852516
politics,0.003598026444
wtf,0.003529056901
bitcoin,0.003433123002
movies,0.003343446437
sandersforpresident,0.003199964059
aww,0.003147484745
