node,pagerank
askreddit,0.025045095729
worldnews,0.008947460886
videos,0.008464888864
todayilearned,0.007716103156
iama,0.007314905210
pics,0.007114238447
funny,0.006883293369
news,0.006728197237
relationships,0.006184869716
ukraine,0.005882288876
writingprompts,0.004793598436
nfl,0.004765704681
gaming,0.004529003809
adviceanimals,0.004516664087
science,0.004166049472
politics,0.004093031989
explainlikeimfive,0.003952846021
leagueoflegends,0.003802706828
wtf,0.003684957798
the_donald,0.003106624014
