node,pagerank
iama,0.019544753842
askreddit,0.018337978938
pics,0.010081340387
funny,0.009605095091
videos,0.007747110568
the_donald,0.006460834071
gaming,0.005983341703
todayilearned,0.005374015804
music,0.005371123195
worldnews,0.005283138063
gifs,0.004229196231
canada,0.004079711873
science,0.004054642445
news,0.003867815188
politics,0.003756021465
wtf,0.003672263862
bitcoin,0.003421088144
movies,0.003368735526
aww,0.003174226471
sandersforpresident,0.003130747967
