node,pagerank
14265,0.001449097177
13801,0.001342432184
13929,0.001305198873
9572,0.001172697959
2710,0.001153079641
21281,0.001152501380
7689,0.001095505568
22691,0.001081702238
6264,0.001070726234
21012,0.001069464205
12365,0.001034245873
449,0.001020368667
4952,0.000972953654
9017,0.000965013694
9124,0.000964292685
5052,0.000950909248
10762,0.000918958804
7307,0.000918483936
1488,0.000917661023
19865,0.000909546157
